{
  "NegativeElectrode": {
    "Coating": {
      "ActiveMaterial": {
        "Interface": {
          "volumetricSurfaceArea": 4.89561074530884E+6
        },
        "SolidDiffusion": {
          "referenceDiffusionCoefficient": 1.2414106819005191E-13
        }
      },
      "bruggemanCoefficient": 2.1461316033212059
    }
  },
  "PositiveElectrode": {
    "Coating": {
      "ActiveMaterial": {
        "Interface": {
          "volumetricSurfaceArea": 100798.07414714804
        },
        "SolidDiffusion": {
          "referenceDiffusionCoefficient": 2.821904192882926E-14
        }
      },
      "bruggemanCoefficient": 3.1396771601532647
    }
  },
  "Electrolyte": {
    "regionBruggemanCoefficients": {
      "NegativeElectrode": 1.6972738713894258,
      "PositiveElectrode": 1.9761959672437821,
      "Separator": 1.6267795515332075
    }
  }
}